# Eurostat macro series for credit lecture R1. Public and free; no client data.
# Committed deliberately, unlike everything else under data/, so the lecture
# renders on a fresh clone. Rebuild with scripts/fetch_macro_eurostat.py.
# unemployment  une_rt_m       harmonised rate, % of active population, SA
# inflation     prc_hicp_manr  HICP all-items annual rate of change, %
# gdp_growth    namq_10_gdp    real GDP, % change on same quarter a year
#                              earlier, SCA, held constant across the quarter
# Downloaded 2026-09-02 from https://ec.europa.eu/eurostat/api/dissemination/statistics/1.0/data
country,month,unemployment,inflation,gdp_growth
EE,2009-01,10.2,4.7,-13.3
EE,2009-02,10.8,3.9,-13.3
EE,2009-03,11.6,2.5,-13.3
EE,2009-04,12.3,0.9,-17.1
EE,2009-05,12.9,0.3,-17.1
EE,2009-06,13.2,-0.5,-17.1
EE,2009-07,14.4,-0.4,-18.6
EE,2009-08,14.9,-0.7,-18.6
EE,2009-09,14.6,-1.7,-18.6
EE,2009-10,15.3,-2.1,-7.2
EE,2009-11,15.7,-2.1,-7.2
EE,2009-12,16.9,-1.9,-7.2
EE,2010-01,17.9,-1.0,-3.7
EE,2010-02,18.6,-0.3,-3.7
EE,2010-03,18.8,1.4,-3.7
EE,2010-04,18.6,2.5,1.3
EE,2010-05,17.9,2.8,1.3
EE,2010-06,17.1,3.4,1.3
EE,2010-07,16.0,2.7,4.8
EE,2010-08,15.8,2.8,4.8
EE,2010-09,15.3,3.8,4.8
EE,2010-10,14.7,4.5,6.6
EE,2010-11,13.7,5.0,6.6
EE,2010-12,14.1,5.4,6.6
EE,2011-01,14.3,5.1,8.2
EE,2011-02,13.6,5.5,8.2
EE,2011-03,13.6,5.1,8.2
EE,2011-04,12.9,5.4,8.0
EE,2011-05,12.8,5.5,8.0
EE,2011-06,12.8,4.9,8.0
EE,2011-07,11.9,5.3,7.8
EE,2011-08,11.2,5.6,7.8
EE,2011-09,11.1,5.4,7.8
EE,2011-10,11.6,4.7,5.4
EE,2011-11,11.4,4.4,5.4
EE,2011-12,10.8,4.1,5.4
EE,2012-01,10.8,4.7,3.4
EE,2012-02,10.8,4.4,3.4
EE,2012-03,10.8,4.7,3.4
EE,2012-04,9.9,4.3,3.7
EE,2012-05,9.9,4.1,3.7
EE,2012-06,10.0,4.4,3.7
EE,2012-07,10.0,4.1,3.2
EE,2012-08,9.8,4.2,3.2
EE,2012-09,9.1,4.1,3.2
EE,2012-10,9.1,4.2,4.3
EE,2012-11,9.2,3.8,4.3
EE,2012-12,9.5,3.6,4.3
EE,2013-01,9.7,3.7,4.0
EE,2013-02,9.4,4.0,4.0
EE,2013-03,8.8,3.8,4.0
EE,2013-04,8.0,3.4,2.1
EE,2013-05,7.9,3.6,2.1
EE,2013-06,7.8,4.1,2.1
EE,2013-07,7.8,4.0,1.1
EE,2013-08,8.1,3.6,1.1
EE,2013-09,8.3,2.6,1.1
EE,2013-10,8.7,2.2,-0.1
EE,2013-11,8.8,2.1,-0.1
EE,2013-12,8.5,2.0,-0.1
EE,2014-01,8.6,1.6,1.4
EE,2014-02,8.0,1.1,1.4
EE,2014-03,7.8,0.7,1.4
EE,2014-04,7.5,0.8,2.1
EE,2014-05,6.9,0.6,2.1
EE,2014-06,6.9,0.3,2.1
EE,2014-07,7.3,0.0,3.5
EE,2014-08,7.8,-0.2,3.5
EE,2014-09,7.4,0.2,3.5
EE,2014-10,6.8,0.5,5.4
EE,2014-11,6.4,0.0,5.4
EE,2014-12,6.5,0.1,5.4
EE,2015-01,6.7,-0.5,1.9
EE,2015-02,6.4,-0.2,1.9
EE,2015-03,6.6,0.0,1.9
EE,2015-04,6.9,0.4,3.3
EE,2015-05,6.6,0.5,3.3
EE,2015-06,6.2,0.3,3.3
EE,2015-07,5.7,0.1,2.9
EE,2015-08,5.7,0.2,2.9
EE,2015-09,6.1,-0.3,2.9
EE,2015-10,6.4,0.0,1.1
EE,2015-11,6.7,0.5,1.1
EE,2015-12,6.6,-0.2,1.1
EE,2016-01,6.5,0.1,4.2
EE,2016-02,6.4,0.4,4.2
EE,2016-03,6.7,0.5,4.2
EE,2016-04,6.5,0.0,2.0
EE,2016-05,6.4,0.0,2.0
EE,2016-06,6.9,0.4,2.0
EE,2016-07,7.2,0.8,2.3
EE,2016-08,7.8,1.1,2.3
EE,2016-09,7.3,1.7,2.3
EE,2016-10,7.3,1.0,3.7
EE,2016-11,6.7,1.4,3.7
EE,2016-12,6.3,2.4,3.7
EE,2017-01,6.0,2.8,4.1
EE,2017-02,5.5,3.4,4.1
EE,2017-03,5.6,3.0,4.1
EE,2017-04,6.0,3.6,6.1
EE,2017-05,6.5,3.5,6.1
EE,2017-06,6.2,3.1,6.1
EE,2017-07,5.9,3.9,5.4
EE,2017-08,5.4,4.2,5.4
EE,2017-09,5.6,3.9,5.4
EE,2017-10,5.5,4.0,5.6
EE,2017-11,5.7,4.5,5.6
EE,2017-12,6.1,3.8,5.6
EE,2018-01,6.6,3.6,4.2
EE,2018-02,6.4,3.2,4.2
EE,2018-03,5.8,2.9,4.2
EE,2018-04,5.1,2.9,3.5
EE,2018-05,5.0,3.1,3.5
EE,2018-06,5.1,3.9,3.5
EE,2018-07,5.4,3.3,3.8
EE,2018-08,5.4,3.5,3.8
EE,2018-09,5.6,3.5,3.8
EE,2018-10,5.2,4.5,3.4
EE,2018-11,4.5,3.2,3.4
EE,2018-12,4.3,3.3,3.4
EE,2019-01,4.3,2.8,4.7
EE,2019-02,4.5,1.9,4.7
EE,2019-03,4.5,2.2,4.7
EE,2019-04,4.9,3.2,3.8
EE,2019-05,5.0,3.1,3.8
EE,2019-06,4.7,2.6,3.8
EE,2019-07,4.3,2.0,3.3
EE,2019-08,4.1,2.1,3.3
EE,2019-09,4.4,2.2,3.3
EE,2019-10,4.2,1.4,2.8
EE,2019-11,4.2,1.8,2.8
EE,2019-12,4.6,1.8,2.8
EE,2020-01,4.9,1.6,-0.9
EE,2020-02,4.9,2.0,-0.9
EE,2020-03,5.2,1.0,-0.9
EE,2020-04,6.1,-0.9,-6.0
EE,2020-05,7.0,-1.8,-6.0
EE,2020-06,7.9,-1.6,-6.0
EE,2020-07,7.8,-1.3,-2.2
EE,2020-08,7.9,-1.3,-2.2
EE,2020-09,8.0,-1.3,-2.2
EE,2020-10,8.1,-1.7,-0.9
EE,2020-11,7.8,-1.2,-0.9
EE,2020-12,7.1,-0.9,-0.9
EE,2021-01,7.2,0.3,5.0
EE,2021-02,6.8,0.5,5.0
EE,2021-03,6.4,0.9,5.0
EE,2021-04,6.3,1.6,12.9
EE,2021-05,6.7,3.2,12.9
EE,2021-06,6.6,3.7,12.9
EE,2021-07,6.5,4.9,7.7
EE,2021-08,6.0,5.0,7.7
EE,2021-09,5.7,6.4,7.7
EE,2021-10,5.1,6.8,7.3
EE,2021-11,5.3,8.6,7.3
EE,2021-12,5.5,12.0,7.3
EE,2022-01,5.8,11.0,2.2
EE,2022-02,5.4,11.6,2.2
EE,2022-03,5.4,14.8,2.2
EE,2022-04,5.4,19.1,-1.3
EE,2022-05,5.8,20.1,-1.3
EE,2022-06,6.0,22.0,-1.3
EE,2022-07,6.0,23.2,-1.2
EE,2022-08,5.8,25.2,-1.2
EE,2022-09,5.4,24.1,-1.2
EE,2022-10,5.4,22.5,-4.4
EE,2022-11,5.5,21.4,-4.4
EE,2022-12,5.3,17.5,-4.4
EE,2023-01,5.1,18.6,-4.3
EE,2023-02,5.1,17.8,-4.3
EE,2023-03,5.8,15.6,-4.3
EE,2023-04,6.1,13.2,-3.1
EE,2023-05,6.7,11.2,-3.1
EE,2023-06,7.3,9.0,-3.1
EE,2023-07,7.7,6.2,-3.0
EE,2023-08,7.5,4.3,-3.0
EE,2023-09,6.6,3.9,-3.0
EE,2023-10,6.2,5.0,-0.8
EE,2023-11,6.4,4.1,-0.8
EE,2023-12,6.9,4.3,-0.8
EE,2024-01,7.5,5.0,0.1
EE,2024-02,7.5,4.4,0.1
EE,2024-03,7.5,4.1,0.1
EE,2024-04,7.5,3.1,-0.3
EE,2024-05,7.5,3.1,-0.3
EE,2024-06,7.6,2.8,-0.3
EE,2024-07,7.9,3.5,0.1
EE,2024-08,7.7,3.4,0.1
EE,2024-09,8.0,3.2,0.1
EE,2024-10,7.5,4.5,-0.3
EE,2024-11,7.5,3.8,-0.3
EE,2024-12,7.8,4.1,-0.3
EE,2025-01,7.6,3.8,-0.6
EE,2025-02,8.2,5.1,-0.6
EE,2025-03,7.9,4.3,-0.6
EE,2025-04,7.8,4.4,0.7
EE,2025-05,7.7,4.6,0.7
EE,2025-06,7.4,5.2,0.7
EE,2025-07,8.0,5.6,1.0
EE,2025-08,7.5,6.2,1.0
EE,2025-09,7.3,5.3,1.0
EE,2025-10,6.9,4.5,1.2
EE,2025-11,6.5,4.7,1.2
EE,2025-12,6.5,4.0,1.2
EE,2026-01,6.2,,2.4
EE,2026-02,6.8,,2.4
EE,2026-03,6.1,,2.4
EE,2026-04,6.3,,2.1
EE,2026-05,6.5,,2.1
EE,2026-06,6.9,,2.1
EE,2026-07,6.9,,
ES,2009-01,15.9,0.8,-4.4
ES,2009-02,16.8,0.7,-4.4
ES,2009-03,17.5,-0.1,-4.4
ES,2009-04,17.8,-0.2,-4.3
ES,2009-05,17.9,-0.9,-4.3
ES,2009-06,17.9,-1.0,-4.3
ES,2009-07,18.0,-1.3,-3.9
ES,2009-08,18.2,-0.7,-3.9
ES,2009-09,18.4,-0.9,-3.9
ES,2009-10,18.6,-0.6,-2.4
ES,2009-11,18.7,0.4,-2.4
ES,2009-12,18.9,0.9,-2.4
ES,2010-01,19.1,0.7,0.1
ES,2010-02,19.2,0.4,0.1
ES,2010-03,19.4,2.7,0.1
ES,2010-04,19.8,2.4,0.2
ES,2010-05,20.0,2.5,0.2
ES,2010-06,20.1,2.1,0.2
ES,2010-07,19.9,1.8,-0.1
ES,2010-08,20.0,1.6,-0.1
ES,2010-09,20.1,2.8,-0.1
ES,2010-10,20.1,2.5,0.1
ES,2010-11,20.2,2.3,0.1
ES,2010-12,20.4,2.9,0.1
ES,2011-01,20.4,3.0,0.1
ES,2011-02,20.5,3.4,0.1
ES,2011-03,20.6,3.3,0.1
ES,2011-04,20.6,3.5,-0.3
ES,2011-05,20.7,3.4,-0.3
ES,2011-06,21.0,3.0,-0.3
ES,2011-07,21.4,3.0,-0.8
ES,2011-08,21.7,2.7,-0.8
ES,2011-09,22.1,3.0,-0.8
ES,2011-10,22.4,3.0,-1.5
ES,2011-11,22.6,2.9,-1.5
ES,2011-12,22.9,2.3,-1.5
ES,2012-01,23.2,2.0,-2.4
ES,2012-02,23.6,1.9,-2.4
ES,2012-03,23.9,1.8,-2.4
ES,2012-04,24.2,2.0,-3.0
ES,2012-05,24.6,1.9,-3.0
ES,2012-06,24.8,1.8,-3.0
ES,2012-07,25.0,2.2,-2.9
ES,2012-08,25.2,2.7,-2.9
ES,2012-09,25.5,3.5,-2.9
ES,2012-10,25.7,3.5,-3.2
ES,2012-11,25.9,3.0,-3.2
ES,2012-12,26.0,3.0,-3.2
ES,2013-01,26.2,2.8,-2.5
ES,2013-02,26.4,2.9,-2.5
ES,2013-03,26.3,2.6,-2.5
ES,2013-04,26.3,1.5,-1.7
ES,2013-05,26.2,1.8,-1.7
ES,2013-06,26.1,2.2,-1.7
ES,2013-07,26.2,1.9,-1.3
ES,2013-08,26.1,1.6,-1.3
ES,2013-09,26.1,0.5,-1.3
ES,2013-10,26.0,0.0,-0.3
ES,2013-11,25.9,0.3,-0.3
ES,2013-12,25.5,0.3,-0.3
ES,2014-01,25.5,0.3,0.4
ES,2014-02,25.3,0.1,0.4
ES,2014-03,25.1,-0.2,0.4
ES,2014-04,24.8,0.3,1.0
ES,2014-05,24.6,0.2,1.0
ES,2014-06,24.4,0.0,1.0
ES,2014-07,24.3,-0.4,1.9
ES,2014-08,24.1,-0.5,1.9
ES,2014-09,24.0,-0.3,1.9
ES,2014-10,24.0,-0.2,2.7
ES,2014-11,23.8,-0.5,2.7
ES,2014-12,23.6,-1.1,2.7
ES,2015-01,23.4,-1.5,3.6
ES,2015-02,23.1,-1.2,3.6
ES,2015-03,22.9,-0.8,3.6
ES,2015-04,22.7,-0.7,4.2
ES,2015-05,22.5,-0.3,4.2
ES,2015-06,22.3,0.0,4.2
ES,2015-07,21.9,0.0,4.3
ES,2015-08,21.6,-0.5,4.3
ES,2015-09,21.4,-1.1,4.3
ES,2015-10,21.3,-0.9,4.2
ES,2015-11,20.9,-0.4,4.2
ES,2015-12,20.8,-0.1,4.2
ES,2016-01,20.5,-0.4,3.7
ES,2016-02,20.4,-1.0,3.7
ES,2016-03,20.3,-1.0,3.7
ES,2016-04,20.3,-1.2,2.9
ES,2016-05,20.2,-1.1,2.9
ES,2016-06,19.9,-0.9,2.9
ES,2016-07,19.5,-0.7,2.7
ES,2016-08,19.3,-0.3,2.7
ES,2016-09,19.1,0.0,2.7
ES,2016-10,18.9,0.5,2.4
ES,2016-11,18.8,0.5,2.4
ES,2016-12,18.5,1.4,2.4
ES,2017-01,18.3,2.9,2.4
ES,2017-02,18.2,3.0,2.4
ES,2017-03,18.0,2.1,2.4
ES,2017-04,17.6,2.6,3.1
ES,2017-05,17.4,2.0,3.1
ES,2017-06,17.1,1.6,3.1
ES,2017-07,16.9,1.7,3.0
ES,2017-08,16.7,2.0,3.0
ES,2017-09,16.7,1.8,3.0
ES,2017-10,16.7,1.7,3.0
ES,2017-11,16.7,1.8,3.0
ES,2017-12,16.6,1.2,3.0
ES,2018-01,16.4,0.7,2.7
ES,2018-02,16.2,1.2,2.7
ES,2018-03,15.9,1.3,2.7
ES,2018-04,15.7,1.1,2.3
ES,2018-05,15.5,2.1,2.3
ES,2018-06,15.2,2.3,2.3
ES,2018-07,15.0,2.3,2.3
ES,2018-08,14.8,2.2,2.3
ES,2018-09,14.7,2.3,2.3
ES,2018-10,14.7,2.3,2.2
ES,2018-11,14.6,1.7,2.2
ES,2018-12,14.4,1.2,2.2
ES,2019-01,14.3,1.0,2.4
ES,2019-02,14.2,1.1,2.4
ES,2019-03,14.2,1.3,2.4
ES,2019-04,14.2,1.6,2.1
ES,2019-05,14.3,0.9,2.1
ES,2019-06,14.2,0.6,2.1
ES,2019-07,14.2,0.6,1.7
ES,2019-08,14.1,0.4,1.7
ES,2019-09,14.0,0.2,1.7
ES,2019-10,14.0,0.2,1.7
ES,2019-11,13.9,0.5,1.7
ES,2019-12,13.8,0.8,1.7
ES,2020-01,13.8,1.1,-4.2
ES,2020-02,13.6,0.9,-4.2
ES,2020-03,14.5,0.1,-4.2
ES,2020-04,15.3,-0.7,-21.5
ES,2020-05,15.5,-0.9,-21.5
ES,2020-06,16.0,-0.3,-21.5
ES,2020-07,16.2,-0.7,-9.1
ES,2020-08,16.5,-0.6,-9.1
ES,2020-09,16.4,-0.6,-9.1
ES,2020-10,16.3,-0.9,-9.0
ES,2020-11,16.2,-0.8,-9.0
ES,2020-12,16.2,-0.6,-9.0
ES,2021-01,15.9,0.4,-2.9
ES,2021-02,15.7,-0.1,-2.9
ES,2021-03,15.5,1.2,-2.9
ES,2021-04,15.7,2.0,19.8
ES,2021-05,15.7,2.4,19.8
ES,2021-06,15.6,2.5,19.8
ES,2021-07,15.2,2.9,5.4
ES,2021-08,14.8,3.3,5.4
ES,2021-09,14.4,4.0,5.4
ES,2021-10,13.9,5.4,6.7
ES,2021-11,13.5,5.5,6.7
ES,2021-12,13.3,6.6,6.7
ES,2022-01,13.3,6.2,7.1
ES,2022-02,13.2,7.6,7.1
ES,2022-03,13.3,9.8,7.1
ES,2022-04,13.2,8.3,7.5
ES,2022-05,12.9,8.5,7.5
ES,2022-06,12.9,10.0,7.5
ES,2022-07,12.7,10.7,6.3
ES,2022-08,12.8,10.5,6.3
ES,2022-09,13.0,9.0,6.3
ES,2022-10,13.1,7.3,4.7
ES,2022-11,13.2,6.7,4.7
ES,2022-12,13.2,5.5,4.7
ES,2023-01,13.1,5.9,3.6
ES,2023-02,12.9,6.0,3.6
ES,2023-03,12.5,3.1,3.6
ES,2023-04,12.1,3.8,2.0
ES,2023-05,12.0,2.9,2.0
ES,2023-06,11.9,1.6,2.0
ES,2023-07,12.0,2.1,2.0
ES,2023-08,12.0,2.4,2.0
ES,2023-09,12.0,3.3,2.0
ES,2023-10,12.0,3.5,2.2
ES,2023-11,12.0,3.3,2.2
ES,2023-12,11.9,3.3,2.2
ES,2024-01,11.9,3.5,2.9
ES,2024-02,11.8,2.9,2.9
ES,2024-03,11.6,3.3,2.9
ES,2024-04,11.6,3.4,3.7
ES,2024-05,11.6,3.8,3.7
ES,2024-06,11.5,3.6,3.7
ES,2024-07,11.4,2.9,3.6
ES,2024-08,11.3,2.4,3.6
ES,2024-09,11.1,1.7,3.6
ES,2024-10,10.9,1.8,3.7
ES,2024-11,10.8,2.4,3.7
ES,2024-12,10.8,2.8,3.7
ES,2025-01,10.8,2.9,3.1
ES,2025-02,10.8,2.9,3.1
ES,2025-03,10.8,2.2,3.1
ES,2025-04,10.6,2.2,2.9
ES,2025-05,10.6,2.0,2.9
ES,2025-06,10.5,2.3,2.9
ES,2025-07,10.6,2.7,2.7
ES,2025-08,10.5,2.7,2.7
ES,2025-09,10.4,3.0,2.7
ES,2025-10,10.2,3.2,2.7
ES,2025-11,10.1,3.2,2.7
ES,2025-12,10.2,3.0,2.7
ES,2026-01,10.3,,2.7
ES,2026-02,10.3,,2.7
ES,2026-03,10.3,,2.7
ES,2026-04,10.2,,2.7
ES,2026-05,10.2,,2.7
ES,2026-06,10.1,,2.7
ES,2026-07,10.0,,
FI,2009-01,7.0,2.5,-8.9
FI,2009-02,7.5,2.7,-8.9
FI,2009-03,7.7,2.0,-8.9
FI,2009-04,8.3,2.1,-8.6
FI,2009-05,8.9,1.5,-8.6
FI,2009-06,8.8,1.6,-8.6
FI,2009-07,8.5,1.2,-8.1
FI,2009-08,8.6,1.3,-8.1
FI,2009-09,8.5,1.1,-8.1
FI,2009-10,9.2,0.6,-6.7
FI,2009-11,9.4,1.3,-6.7
FI,2009-12,8.5,1.8,-6.7
FI,2010-01,9.5,1.6,0.7
FI,2010-02,8.9,1.3,0.7
FI,2010-03,8.5,1.5,0.7
FI,2010-04,8.7,1.6,4.0
FI,2010-05,8.3,1.4,4.0
FI,2010-06,8.7,1.3,4.0
FI,2010-07,8.7,1.3,2.5
FI,2010-08,8.4,1.3,2.5
FI,2010-09,8.1,1.4,2.5
FI,2010-10,8.3,2.4,5.5
FI,2010-11,8.1,2.4,5.5
FI,2010-12,8.6,2.8,5.5
FI,2011-01,8.3,3.1,5.0
FI,2011-02,8.2,3.5,5.0
FI,2011-03,8.9,3.5,5.0
FI,2011-04,7.7,3.4,1.8
FI,2011-05,7.6,3.4,1.8
FI,2011-06,8.3,3.4,1.8
FI,2011-07,8.0,3.7,2.5
FI,2011-08,7.6,3.5,2.5
FI,2011-09,7.8,3.5,2.5
FI,2011-10,7.9,3.2,0.4
FI,2011-11,7.3,3.2,0.4
FI,2011-12,8.1,2.6,0.4
FI,2012-01,7.8,3.0,-0.6
FI,2012-02,7.4,3.0,-0.6
FI,2012-03,7.9,2.9,-0.6
FI,2012-04,7.6,3.0,-1.4
FI,2012-05,7.6,3.1,-1.4
FI,2012-06,7.6,2.9,-1.4
FI,2012-07,7.9,3.1,-1.9
FI,2012-08,8.4,3.3,-1.9
FI,2012-09,8.0,3.4,-1.9
FI,2012-10,7.7,3.5,-2.1
FI,2012-11,8.2,3.2,-2.1
FI,2012-12,7.7,3.4,-2.1
FI,2013-01,8.6,2.6,-2.4
FI,2013-02,8.5,2.4,-2.4
FI,2013-03,8.3,2.5,-2.4
FI,2013-04,8.3,2.4,-0.9
FI,2013-05,8.7,2.5,-0.9
FI,2013-06,7.5,2.3,-0.9
FI,2013-07,7.8,2.5,-0.3
FI,2013-08,8.2,2.1,-0.3
FI,2013-09,8.3,1.8,-0.3
FI,2013-10,8.2,1.7,-0.3
FI,2013-11,9.0,1.8,-0.3
FI,2013-12,8.4,1.9,-0.3
FI,2014-01,8.3,1.9,-0.3
FI,2014-02,8.8,1.6,-0.3
FI,2014-03,8.9,1.3,-0.3
FI,2014-04,8.3,1.3,-0.6
FI,2014-05,8.7,1.0,-0.6
FI,2014-06,8.9,1.1,-0.6
FI,2014-07,8.0,1.0,-0.5
FI,2014-08,8.5,1.2,-0.5
FI,2014-09,9.1,1.5,-0.5
FI,2014-10,9.2,1.2,-0.5
FI,2014-11,9.0,1.1,-0.5
FI,2014-12,9.4,0.6,-0.5
FI,2015-01,8.6,-0.1,-0.4
FI,2015-02,9.7,-0.1,-0.4
FI,2015-03,9.6,0.0,-0.4
FI,2015-04,9.5,-0.1,0.8
FI,2015-05,9.6,0.1,0.8
FI,2015-06,10.0,0.1,0.8
FI,2015-07,9.3,-0.1,0.4
FI,2015-08,9.3,-0.2,0.4
FI,2015-09,9.3,-0.7,0.4
FI,2015-10,9.6,-0.3,1.1
FI,2015-11,9.2,-0.2,1.1
FI,2015-12,9.7,-0.2,1.1
FI,2016-01,9.1,0.0,3.1
FI,2016-02,9.2,-0.1,3.1
FI,2016-03,9.4,0.0,3.1
FI,2016-04,8.9,0.3,1.6
FI,2016-05,8.5,0.3,1.6
FI,2016-06,9.3,0.3,1.6
FI,2016-07,8.9,0.5,2.8
FI,2016-08,8.5,0.5,2.8
FI,2016-09,8.4,0.5,2.8
FI,2016-10,9.0,0.6,2.7
FI,2016-11,9.3,0.6,2.7
FI,2016-12,8.6,1.1,2.7
FI,2017-01,8.9,0.9,2.5
FI,2017-02,9.1,1.4,2.5
FI,2017-03,8.9,0.9,2.5
FI,2017-04,9.4,1.0,3.9
FI,2017-05,8.7,0.9,3.9
FI,2017-06,8.8,0.9,3.9
FI,2017-07,8.4,0.6,3.2
FI,2017-08,8.3,0.8,3.2
FI,2017-09,9.0,0.8,3.2
FI,2017-10,8.4,0.5,3.6
FI,2017-11,7.9,0.9,3.6
FI,2017-12,9.0,0.5,3.6
FI,2018-01,8.6,0.8,2.8
FI,2018-02,8.4,0.6,2.8
FI,2018-03,8.3,0.9,2.8
FI,2018-04,7.6,0.8,1.3
FI,2018-05,7.1,1.0,1.3
FI,2018-06,6.9,1.2,1.3
FI,2018-07,7.3,1.4,0.7
FI,2018-08,7.5,1.4,0.7
FI,2018-09,7.1,1.4,0.7
FI,2018-10,7.2,1.7,0.0
FI,2018-11,7.1,1.4,0.0
FI,2018-12,6.0,1.3,0.0
FI,2019-01,6.7,1.2,0.7
FI,2019-02,7.0,1.3,0.7
FI,2019-03,6.5,1.1,0.7
FI,2019-04,7.2,1.5,1.6
FI,2019-05,6.8,1.3,1.6
FI,2019-06,6.2,1.1,1.6
FI,2019-07,6.6,1.0,1.7
FI,2019-08,6.9,1.2,1.7
FI,2019-09,6.7,1.0,1.7
FI,2019-10,6.9,0.9,1.4
FI,2019-11,6.9,0.8,1.4
FI,2019-12,6.5,1.1,1.4
FI,2020-01,6.8,1.2,0.4
FI,2020-02,6.7,1.1,0.4
FI,2020-03,6.8,0.9,0.4
FI,2020-04,7.2,-0.3,-6.8
FI,2020-05,8.8,-0.1,-6.8
FI,2020-06,7.6,0.1,-6.8
FI,2020-07,8.1,0.7,-2.3
FI,2020-08,8.5,0.3,-2.3
FI,2020-09,8.2,0.3,-2.3
FI,2020-10,8.2,0.2,-1.1
FI,2020-11,7.9,0.2,-1.1
FI,2020-12,8.2,0.2,-1.1
FI,2021-01,8.4,1.0,-1.6
FI,2021-02,8.0,0.9,-1.6
FI,2021-03,7.7,1.4,-1.6
FI,2021-04,8.6,2.2,6.9
FI,2021-05,8.2,2.3,6.9
FI,2021-06,7.6,1.9,6.9
FI,2021-07,7.7,1.8,3.0
FI,2021-08,7.2,1.8,3.0
FI,2021-09,7.7,2.1,3.0
FI,2021-10,6.7,2.8,2.7
FI,2021-11,6.9,3.5,2.7
FI,2021-12,7.3,3.2,2.7
FI,2022-01,7.1,4.1,2.8
FI,2022-02,6.5,4.4,2.8
FI,2022-03,6.5,5.8,2.8
FI,2022-04,6.1,5.8,1.5
FI,2022-05,5.8,7.1,1.5
FI,2022-06,6.8,8.1,1.5
FI,2022-07,7.2,8.0,0.3
FI,2022-08,7.4,7.9,0.3
FI,2022-09,7.3,8.4,0.3
FI,2022-10,6.5,8.4,-1.4
FI,2022-11,6.7,9.1,-1.4
FI,2022-12,7.2,8.8,-1.4
FI,2023-01,7.2,7.9,-0.7
FI,2023-02,6.6,8.0,-0.7
FI,2023-03,6.4,6.7,-0.7
FI,2023-04,7.0,6.3,-0.9
FI,2023-05,7.1,5.0,-0.9
FI,2023-06,7.2,4.1,-0.9
FI,2023-07,7.5,4.2,-2.2
FI,2023-08,7.5,3.1,-2.2
FI,2023-09,7.6,3.0,-2.2
FI,2023-10,7.4,2.4,-1.3
FI,2023-11,7.6,0.7,-1.3
FI,2023-12,7.6,1.3,-1.3
FI,2024-01,7.9,1.1,-0.4
FI,2024-02,7.6,1.1,-0.4
FI,2024-03,8.4,0.6,-0.4
FI,2024-04,8.4,0.6,-0.2
FI,2024-05,8.2,0.4,-0.2
FI,2024-06,8.3,0.5,-0.2
FI,2024-07,8.6,0.5,2.0
FI,2024-08,8.3,1.1,2.0
FI,2024-09,8.7,1.0,2.0
FI,2024-10,8.8,1.5,2.1
FI,2024-11,8.9,1.7,2.1
FI,2024-12,8.7,1.6,2.1
FI,2025-01,9.1,1.7,1.2
FI,2025-02,9.2,1.5,1.2
FI,2025-03,9.5,1.8,1.2
FI,2025-04,9.1,1.9,1.0
FI,2025-05,8.5,2.0,1.0
FI,2025-06,10.0,1.9,1.0
FI,2025-07,9.9,1.9,0.3
FI,2025-08,10.0,2.2,0.3
FI,2025-09,9.8,2.2,0.3
FI,2025-10,10.2,1.4,0.7
FI,2025-11,10.5,1.5,0.7
FI,2025-12,10.3,1.7,0.7
FI,2026-01,9.9,,1.2
FI,2026-02,10.6,,1.2
FI,2026-03,10.5,,1.2
FI,2026-04,10.6,,1.6
FI,2026-05,10.8,,1.6
FI,2026-06,10.3,,1.6
FI,2026-07,10.5,,
